year,cause,age,deaths,crude rate,age-adjusted,YPLL,crude YPLL,
2020,suicide,00-04,0,0,0,0,0,
2020,suicide,05-09,0,0,0,0,0,
2020,suicide,10-14,224,1.08,1.08,11620,55.99,
2020,suicide,15-19,"1,069",5.1,5.1,50878,242.73,
2020,suicide,20-24,"2,104",9.74,9.74,90166,417.54,
2020,suicide,25-29,"2,043",8.79,8.79,77773,334.78,
2020,suicide,30-34,"1,858",8.14,8.14,61507,269.31,
2020,suicide,35-39,"1,640",7.51,7.51,45881,210.19,
2020,suicide,40-44,"1,575",7.76,7.76,36341,178.95,
2020,suicide,45-49,"1,676",8.39,8.39,29976,150.1,
2020,suicide,50-54,"1,742",8.54,8.54,22565,110.64,
2020,suicide,55-59,"1,983",9.18,9.18,15718,72.76,
2020,suicide,60-64,"1,906",9.16,9.16,5750,27.64,
2020,suicide,65-69,"1,618",9.05,9.05,0,0,
2020,suicide,70-74,"1,489",10.15,10.15,0,0,
2020,suicide,75-79,"1,319",13.21,13.21,0,0,
2020,suicide,80-84,"1,018",15.75,15.75,0,0,
2020,suicide,85+,"1,028",15.44,15.44,0,0,
2020,homicide,00-04,85,0.44,0.44,5326,27.59,
2020,homicide,05-09,91,0,0,"5,278",26,
2020,homicide,10-14,218,1.05,1.05,11416,55.01,
2020,homicide,15-19,"2,442",11.65,11.65,115676,551.86,
2020,homicide,20-24,"3,599",16.67,16.67,154882,717.22,
2020,homicide,25-29,"3,494",15.04,15.04,132717,571.29,
2020,homicide,30-34,"2,873",12.58,12.58,95211,416.89,
2020,homicide,35-39,"2,185",10.01,10.01,61327,280.95,
2020,homicide,40-44,"1,512",7,7,"35,040",173,
2020,homicide,45-49,"1,103",5.52,5.52,19882,99.56,
2020,homicide,50-54,774,3.8,3.8,10181,49.92,
2020,homicide,55-59,615,2.85,2.85,5001,23.15,
2020,homicide,60-64,430,2.07,2.07,1383,6.65,
2020,homicide,65-69,240,1.34,1.34,0,0,
2020,homicide,70-74,130,0.89,0.89,0,0,
2020,homicide,75-79,103,1,1,0,0,
2020,homicide,80-84,55,0.85,0.85,0,0,
2020,homicide,85+,45,0.68,0.68,0,0,
2019,suicide,00-04,0,0,0,0,0,
2019,suicide,05-09,0,0,0,0,0,
2019,suicide,10-14,172,0.83,0.83,8910,42.8,
2019,suicide,15-19,995,4.72,4.72,47387,224.94,
2019,suicide,20-24,"1,805",8.34,8.34,77474,357.95,
2019,suicide,25-29,"1,826",7.76,7.76,69415,294.89,
2019,suicide,30-34,"1,681",7.48,7.48,55567,247.36,
2019,suicide,35-39,"1,625",7.47,7.47,45367,208.55,
2019,suicide,40-44,"1,562",7.84,7.84,35886,180.15,
2019,suicide,45-49,"1,780",8.73,8.73,31895,156.42,
2019,suicide,50-54,"1,836",8.97,8.97,23810,116.32,
2019,suicide,55-59,"2,265",10.36,10.36,18033,82.45,
2019,suicide,60-64,"2,001",9.73,9.73,6127,29.8,
2019,suicide,65-69,"1,675",9.6,9.6,0,0,
2019,suicide,70-74,"1,455",10.37,10.37,0,0,
2019,suicide,75-79,"1,333",13.81,13.81,0,0,
2019,suicide,80-84,911,14.43,14.43,0,0,
2019,suicide,85+,"1,018",15.43,15.43,0,0,
2019,homicide,00-04,57,0.29,0,"3,590",18,
2019,homicide,05-09,68,0.34,0,3942,19.49,
2019,homicide,10-14,144,0.69,0.69,7534,36.19,
2019,homicide,15-19,"1,773",8.42,8.42,83920,398.36,
2019,homicide,20-24,"2,636",12.18,12.18,113353,523.72,
2019,homicide,25-29,"2,595",11.02,11.02,98646,419.07,
2019,homicide,30-34,"2,079",9.26,9.26,68926,306.83,
2019,homicide,35-39,"1,576",7.25,7,"44,290",204,
2019,homicide,40-44,"1,206",6.05,6.05,27958,140.35,
2019,homicide,45-49,862,4.23,4.23,15604,76.53,
2019,homicide,50-54,585,2.86,2.86,7633,37.29,
2019,homicide,55-59,545,2.49,2.49,4383,20.04,
2019,homicide,60-64,328,1.6,1.6,1059,5.15,
2019,homicide,65-69,186,1.07,1.07,0,0,
2019,homicide,70-74,136,0.97,0.97,0,0,
2019,homicide,75-79,84,1,1,0,0,
2019,homicide,80-84,37,0.59,0.59,0,0,
2019,homicide,85+,36,0.55,0.55,0,0,
2018,suicide,00-04,0,0,0,0,0,
2018,suicide,05-09,0,0,0,0,0,
2018,suicide,10-14,202,0.97,0.97,10462,50.09,
2018,suicide,15-19,"1,094",5.19,5.19,52083,247.11,
2018,suicide,20-24,"1,901",8.71,8.71,81420,373.06,
2018,suicide,25-29,"1,836",7.8,7.8,69848,296.63,
2018,suicide,30-34,"1,593",7.2,7.2,52664,237.96,
2018,suicide,35-39,"1,681",7.8,7.8,47128,218.7,
2018,suicide,40-44,"1,541",7.83,7.83,35414,179.92,
2018,suicide,45-49,"1,796",8.67,8.67,32323,156.03,
2018,suicide,50-54,"1,991",9.55,9.55,25632,122.9,
2018,suicide,55-59,"2,340",10.68,10.68,18713,85,
2018,suicide,60-64,"2,081",10.25,10.25,6433,31.68,
2018,suicide,65-69,"1,743",10.21,10.21,0,0,
2018,suicide,70-74,"1,494",11.17,11.17,0,0,
2018,suicide,75-79,"1,325",14.32,14.32,0,0,
2018,suicide,80-84,890,14.54,14.54,0,0,
2018,suicide,85+,923,14.12,14.12,0,0,
2018,homicide,00-04,60,0.3,0,"3,768",19,
2018,homicide,05-09,57,0.28,0.28,3302,16.34,
2018,homicide,10-14,134,0.64,0.64,7008,33.55,
2018,homicide,15-19,"1,606",7.62,7.62,75989,360.53,
2018,homicide,20-24,"2,588",11.86,11.86,111292,509.93,
2018,homicide,25-29,"2,543",10.8,10.8,96795,411.07,
2018,homicide,30-34,"1,965",8.88,8.88,64985,293.63,
2018,homicide,35-39,"1,602",7.43,7.43,"45,026",209,
2018,homicide,40-44,"1,115",6,6,"25,809",131,
2018,homicide,45-49,832,4.02,4.02,15069,72.74,
2018,homicide,50-54,617,2.96,2.96,8070,38.69,
2018,homicide,55-59,520,2.37,2.37,4217,19.24,
2018,homicide,60-64,337,1.66,1.66,"1,086",5.35,
2018,homicide,65-69,215,1-Jan,1.26,0,0,
2018,homicide,70-74,150,1,1,0,0,
2018,homicide,75-79,74,1,0.8,0,0,
2018,homicide,80-84,44,0.72,0.72,0,0,
2018,homicide,85+,37,0.57,0.57,0,0,
2017,suicide,00-04,0,0,0,0,0,
2017,suicide,05-09,0,0,0,0,0,
2017,suicide,10-14,185,0.89,0.89,9569,46.04,
2017,suicide,15-19,"1,110",5.26,5.26,52883,250.56,
2017,suicide,20-24,"1,849",8.38,8.38,79374,359.78,
2017,suicide,25-29,"1,871",8.01,8.01,71288,305.16,
2017,suicide,30-34,"1,587",7.23,7.23,52343,238.37,
2017,suicide,35-39,"1,528",7.21,7.21,42818,202.05,
2017,suicide,40-44,"1,570",8.02,8.02,36028,184.04,
2017,suicide,45-49,"1,866",8.93,8.93,33627,160.92,
2017,suicide,50-54,"2,071",9.71,9.71,26600,124.71,
2017,suicide,55-59,"2,265",10.32,10.32,18160,82.75,
2017,suicide,60-64,"1,954",9.81,9.81,6037,30.29,
2017,suicide,65-69,"1,552",9.24,9.24,0,0,
2017,suicide,70-74,"1,437",11.22,11.22,0,0,
2017,suicide,75-79,"1,178",13.51,13.51,0,0,
2017,suicide,80-84,862,14.46,14.46,0,0,
2017,suicide,85+,967,14.95,14.95,0,0,
2017,homicide,00-04,56,0.28,0.28,3523,17.71,
2017,homicide,05-09,78,0.38,0.38,"4,532",22,
2017,homicide,10-14,127,1,1,"6,632",32,
2017,homicide,15-19,"1,699",8.05,8.05,80489,381.36,
2017,homicide,20-24,"2,783",12.62,12.62,119549,541.89,
2017,homicide,25-29,"2,745",11.75,11.75,104679,448.1,
2017,homicide,30-34,"2,036",9.27,9.27,"67,341",306.67,
2017,homicide,35-39,"1,620",7.65,7.65,"45,469",214.56,
2017,homicide,40-44,"1,069",5,5,"24,700",126,
2017,homicide,45-49,854,4,4.09,15472,74.04,
2017,homicide,50-54,683,3.2,3.2,8893,41.69,
2017,homicide,55-59,524,2.39,2.39,4287,19.53,
2017,homicide,60-64,335,1.68,1.68,1055,5.29,
2017,homicide,65-69,233,1.39,1,0,0,
2017,homicide,70-74,107,0.84,1,0,0,
2017,homicide,75-79,64,1,1,0,0,
2017,homicide,80-84,47,0.79,0.79,0,0,
2017,homicide,85+,35,0.54,0.54,0,0,
2016,suicide,00-04,0,0,0,0,0,
2016,suicide,05-09,0,0,0,0,0,
2016,suicide,10-14,160,1,0.78,8287,40.16,
2016,suicide,15-19,942,4,4.46,44918,212.48,
2016,suicide,20-24,"1,741",8,7.78,74643,333.71,
2016,suicide,25-29,"1,730",8,7.54,65890,287.23,
2016,suicide,30-34,"1,568",7,7.18,51751,237,
2016,suicide,35-39,"1,566",8,7.53,43861,211.02,
2016,suicide,40-44,"1,533",8,7.79,35164,178.69,
2016,suicide,45-49,"1,746",8,8.35,31453,150.44,
2016,suicide,50-54,"2,127",10,9.76,27366,125.55,
2016,suicide,55-59,"2,231",10.17,10.17,17988,81.98,
2016,suicide,60-64,"1,836",9.44,9.44,5872,30.19,
2016,suicide,65-69,"1,611",9.59,9.59,0,0,
2016,suicide,70-74,"1,321",11.2,11.2,0,0,
2016,suicide,75-79,"1,096",13.1,13.1,0,0,
2016,suicide,80-84,860,14.65,14.65,0,0,
2016,suicide,85+,868,13.6,13.6,0,0,
2016,homicide,00-04,75,0.38,0.38,"4,714",23.64,
2016,homicide,05-09,68,0,0,"3,962",19,
2016,homicide,10-14,97,0,0.47,5067,24.56,
2016,homicide,15-19,"1,636",7.74,7.74,77423,366.24,
2016,homicide,20-24,"2,993",13.38,13.38,128427,574.16,
2016,homicide,25-29,"2,640",11.51,11.51,100809,439.45,
2016,homicide,30-34,"2,041",9.35,9,"67,567",309.44,
2016,homicide,35-39,"1,564",7.53,8,"44,071",212.03,
2016,homicide,40-44,"1,123",6,6,"25,885",132,
2016,homicide,45-49,829,3.97,3.97,15057,72.02,
2016,homicide,50-54,662,3.04,3.04,8605,39.48,
2016,homicide,55-59,461,2.1,2.1,3772,17.19,
2016,homicide,60-64,320,1.65,1.65,1067,5.49,
2016,homicide,65-69,168,1,1,0,0,
2016,homicide,70-74,105,0.89,1,0,0,
2016,homicide,75-79,63,0.75,0.75,0,0,
2016,homicide,80-84,44,1,1,0,0,
2016,homicide,85+,35,0.55,0.55,0,0,
2015,suicide,00-04,0,0,0,0,0,
2015,suicide,05-09,0,0,0,0,0,
2015,suicide,10-14,139,1,0.67,7172,34.79,
2015,suicide,15-19,877,4.16,4.16,41740,197.91,
2015,suicide,20-24,"1,584",6.98,6.98,67935,299.41,
2015,suicide,25-29,"1,571",7,7,59816,266.66,
2015,suicide,30-34,"1,547",7.15,7.15,51064,235.95,
2015,suicide,35-39,"1,397",6.88,6.88,39147,192.76,
2015,suicide,40-44,"1,555",7.72,7.72,35604,176.85,
2015,suicide,45-49,"1,686",8.12,8.12,30311,146,
2015,suicide,50-54,"2,196",9.87,9.87,28449,127.85,
2015,suicide,55-59,"2,170",9.99,9.99,17453,80.3,
2015,suicide,60-64,"1,781",9.37,9.37,5514,29,
2015,suicide,65-69,"1,518",9.47,9.47,0,0,
2015,suicide,70-74,"1,261",11.01,11.01,0,0,
2015,suicide,75-79,"1,041",12.84,12.84,0,0,
2015,suicide,80-84,831,14.34,14.34,0,0,
2015,suicide,85+,860,13.73,13.73,0,0,
2015,homicide,00-04,58,0.29,0,"3,649",18.31,
2015,homicide,05-09,69,0,0,"4,015",20,
2015,homicide,10-14,121,0.59,0.59,6304,30.58,
2015,homicide,15-19,"1,422",6.74,6.74,67268,318.95,
2015,homicide,20-24,"2,802",12.35,12.35,120310,530.25,
2015,homicide,25-29,"2,338",10.42,10.42,89112,397.27,
2015,homicide,30-34,"1,811",8.37,8,59829,276.45,
2015,homicide,35-39,"1,310",6.45,6,36940,181.89,
2015,homicide,40-44,985,4.89,4.89,"22,713",113,
2015,homicide,45-49,776,4,4,"14,086",68,
2015,homicide,50-54,612,2.75,2.75,8005,35.98,
2015,homicide,55-59,451,2.08,2.08,3661,16.84,
2015,homicide,60-64,277,1.46,1.46,912,4.8,
2015,homicide,65-69,176,1.1,1,0,0,
2015,homicide,70-74,89,0.78,1,0,0,
2015,homicide,75-79,80,1,0.99,0,0,
2015,homicide,80-84,43,0.74,0.74,0,0,
2015,homicide,85+,42,0.67,0.67,0,0,
2014,suicide,00-04,0,0,0,0,0,
2014,suicide,05-09,0,0,0,0,0,
2014,suicide,10-14,174,0.84,0.84,9020,43.63,
2014,suicide,15-19,755,3.59,3.59,35963,170.76,
2014,suicide,20-24,"1,515",6.62,6.62,64863,283.34,
2014,suicide,25-29,"1,447",6.59,6.59,55126,250.93,
2014,suicide,30-34,"1,382",6.43,6.43,45671,212.35,
2014,suicide,35-39,"1,340",6.74,6.74,37610,189.25,
2014,suicide,40-44,"1,490",7.26,7.26,34112,166.16,
2014,suicide,45-49,"1,786",8.58,8.58,31944,153.43,
2014,suicide,50-54,"2,167",9.63,9.63,28042,124.58,
2014,suicide,55-59,"2,144",9.99,9.99,17214,80.22,
2014,suicide,60-64,"1,766",9.53,9.53,5529,29.84,
2014,suicide,65-69,"1,417",9.26,9.26,0,0,
2014,suicide,70-74,"1,294",11.7,11.7,0,0,
2014,suicide,75-79,940,11.87,11.87,0,0,
2014,suicide,80-84,836,14.52,14.52,0,0,
2014,suicide,85+,880,14.35,14.35,0,0,
2014,homicide,00-04,52,0.26,0.26,"3,248",16,
2014,homicide,05-09,58,0,0,"3,364",16,
2014,homicide,10-14,116,0.56,0.56,6069,29.36,
2014,homicide,15-19,"1,253",5.95,5.95,59279,281.47,
2014,homicide,20-24,"2,413",10.54,10.54,103766,453.29,
2014,homicide,25-29,"1,949",8.87,9,74345,338.42,
2014,homicide,30-34,"1,471",6.84,7,48613,226.03,
2014,homicide,35-39,"1,095",6,5.51,"30,866",155,
2014,homicide,40-44,846,4.12,4.12,19557,95.26,
2014,homicide,45-49,668,3.21,3.21,11999,57.63,
2014,homicide,50-54,540,2.4,2.4,7116,31.61,
2014,homicide,55-59,355,1.65,1.65,2917,13.59,
2014,homicide,60-64,213,1,1,691,3.73,
2014,homicide,65-69,152,1,1,0,0,
2014,homicide,70-74,91,1,1,0,0,
2014,homicide,75-79,57,0.72,0.72,0,0,
2014,homicide,80-84,45,0.78,0.78,0,0,
2014,homicide,85+,34,0.55,0.55,0,0,
2013,suicide,00-04,0,0,0,0,0,
2013,suicide,05-09,0,0,0,0,0,
2013,suicide,10-14,137,1,0.66,7068,34.22,
2013,suicide,15-19,739,3,3.49,35180,166.07,
2013,suicide,20-24,"1,471",6,6.44,63057,276.24,
2013,suicide,25-29,"1,493",7,6.92,56672,262.58,
2013,suicide,30-34,"1,404",7,6.6,46379,218.03,
2013,suicide,35-39,"1,357",7,6.92,37907,193.36,
2013,suicide,40-44,"1,591",8,7.63,36440,174.84,
2013,suicide,45-49,"1,808",8.53,8.53,32239,152.05,
2013,suicide,50-54,"2,249",9.98,9.98,29135,129.22,
2013,suicide,55-59,"2,112",9.98,9.98,17011,80.34,
2013,suicide,60-64,"1,697",9.37,9.37,5313,29.34,
2013,suicide,65-69,"1,379",9.45,9.45,0,0,
2013,suicide,70-74,"1,177",11.1,11.1,0,0,
2013,suicide,75-79,921,11.99,11.99,0,0,
2013,suicide,80-84,838,14.54,14.54,0,0,
2013,suicide,85+,798,13.31,13.31,0,0,
2013,homicide,00-04,51,0,0.26,"3,231",16,
2013,homicide,05-09,48,0.23,0.23,2771,13.47,
2013,homicide,10-14,95,0.46,0.46,4983,24.12,
2013,homicide,15-19,"1,236",5.84,5.84,58410,275.73,
2013,homicide,20-24,"2,564",11.23,11.23,110314,483.26,
2013,homicide,25-29,"1,886",9,9,71862,332.97,
2013,homicide,30-34,"1,624",8,8,53663,252.27,
2013,homicide,35-39,"1,121",6,6,"31,589",161,
2013,homicide,40-44,835,4.01,4.01,19225,92.24,
2013,homicide,45-49,690,3.25,3.25,12421,58.58,
2013,homicide,50-54,538,2.39,2.39,7117,31.57,
2013,homicide,55-59,372,1.76,1.76,2947,13.92,
2013,homicide,60-64,236,1,1,690,3.81,
2013,homicide,65-69,143,0-Jan,1,0,0,
2013,homicide,70-74,90,1,1,0,0,
2013,homicide,75-79,55,0.72,0.72,0,0,
2013,homicide,80-84,51,0.89,0.89,0,0,
2013,homicide,85+,32,0.53,0.53,0,0,
2012,suicide,00-04,0,0,0,0,0,
2012,suicide,05-09,0,0,0,0,0,
2012,suicide,10-14,104,0.5,0.5,5366,25.96,
2012,suicide,15-19,756,3.54,3.54,35946,168.18,
2012,suicide,20-24,"1,462",6.47,6.47,62761,277.75,
2012,suicide,25-29,"1,443",6.75,6.75,54939,256.8,
2012,suicide,30-34,"1,317",6.3,6.3,43511,208.08,
2012,suicide,35-39,"1,347",6.91,6.91,37640,193.12,
2012,suicide,40-44,"1,577",7.5,7.5,36178,172.1,
2012,suicide,45-49,"1,843",8.5,8.5,32945,151.93,
2012,suicide,50-54,"2,270",10.06,10.06,29419,130.34,
2012,suicide,55-59,"2,107",10.15,10.15,17004,81.88,
2012,suicide,60-64,"1,640",9.21,9.21,5121,28.75,
2012,suicide,65-69,"1,286",9.2,9.2,0,0,
2012,suicide,70-74,"1,007",10.06,10.06,0,0,
2012,suicide,75-79,929,12.4,12.4,0,0,
2012,suicide,80-84,809,14,14,0,0,
2012,suicide,85+,765,13.04,13.04,0,0,
2012,homicide,00-04,50,0,0,3138,15.7,
2012,homicide,05-09,67,0,0,"3,914",19,
2012,homicide,10-14,125,0.61,0.61,6534,31.61,
2012,homicide,15-19,"1,458",6.82,6.82,68897,322.34,
2012,homicide,20-24,"2,589",11.46,11.46,111419,493.08,
2012,homicide,25-29,"2,021",9.45,9.45,76937,359.63,
2012,homicide,30-34,"1,541",7,7,51008,243.93,
2012,homicide,35-39,"1,107",5.68,6,31142,159.78,
2012,homicide,40-44,879,4,4,"20,385",97,
2012,homicide,45-49,680,3.14,3.14,12249,56.49,
2012,homicide,50-54,576,2.55,2.55,7601,33.67,
2012,homicide,55-59,377,1.82,1.82,3070,14.78,
2012,homicide,60-64,248,1.39,1.39,783,4.4,
2012,homicide,65-69,156,1.12,1,0,0,
2012,homicide,70-74,81,0.81,1,0,0,
2012,homicide,75-79,63,1,1,0,0,
2012,homicide,80-84,45,0.78,0.78,0,0,
2012,homicide,85+,30,0.51,0.51,0,0,
2011,suicide,00-04,0,0,0,0,0,
2011,suicide,05-09,0,0,0,0,0,
2011,suicide,10-14,91,0.44,0.44,4716,22.77,
2011,suicide,15-19,758,3.5,3.5,36057,166.45,
2011,suicide,20-24,"1,410",6.36,6.36,60559,273.22,
2011,suicide,25-29,"1,450",6.81,6.81,55174,259.21,
2011,suicide,30-34,"1,290",6.29,6.29,42583,207.56,
2011,suicide,35-39,"1,316",6.72,6.72,36631,186.91,
2011,suicide,40-44,"1,521",7.23,7.23,35079,166.76,
2011,suicide,45-49,"1,919",8.66,8.66,34342,154.96,
2011,suicide,50-54,"2,181",9.67,9.67,28272,125.3,
2011,suicide,55-59,"1,957",9.66,9.66,15790,77.95,
2011,suicide,60-64,"1,565",8.79,8.79,4723,26.52,
2011,suicide,65-69,"1,185",9.2,9.2,0,0,
2011,suicide,70-74,974,10.14,10.14,0,0,
2011,suicide,75-79,846,11.45,11.45,0,0,
2011,suicide,80-84,817,14.14,14.14,0,0,
2011,suicide,85+,704,12.36,12.36,0,0,
2011,homicide,00-04,55,0.27,0.27,3460,17.19,
2011,homicide,05-09,55,0.27,0.27,"3,203",16,
2011,homicide,10-14,108,0.52,0.52,5642,27.24,
2011,homicide,15-19,"1,462",6.75,6.75,69043,318.73,
2011,homicide,20-24,"2,463",11.11,11.11,106050,478.46,
2011,homicide,25-29,"1,945",9.14,9.14,74155,348.39,
2011,homicide,30-34,"1,456",7.1,7,48311,235.48,
2011,homicide,35-39,"1,009",5.15,5,28332,144.56,
2011,homicide,40-44,793,4,4,"18,367",87,
2011,homicide,45-49,679,3.06,3.06,12270,55.37,
2011,homicide,50-54,553,2.45,2.45,7238,32.08,
2011,homicide,55-59,361,1.78,1.78,3000,14.81,
2011,homicide,60-64,221,1.24,1.24,708,3.97,
2011,homicide,65-69,133,1.03,1,0,0,
2011,homicide,70-74,92,0.96,1,0,0,
2011,homicide,75-79,57,1,1,0,0,
2011,homicide,80-84,45,0.78,0.78,0,0,
2011,homicide,85+,35,0.61,0.61,0,0,
2010,suicide,00-04,0,0,0,0,0,
2010,suicide,05-09,0,0,0,0,0,
2010,suicide,10-14,80,0.39,0.39,4137,20.01,
2010,suicide,15-19,668,3.03,3.03,31748,144.04,
2010,suicide,20-24,"1,378",6.38,6.38,59003,273.32,
2010,suicide,25-29,"1,389",6.58,6.58,52825,250.32,
2010,suicide,30-34,"1,205",6.04,6.04,39814,199.44,
2010,suicide,35-39,"1,364",6.76,6.76,38080,188.7,
2010,suicide,40-44,"1,550",7.42,7.42,35619,170.49,
2010,suicide,45-49,"1,959",8.63,8.63,35245,155.2,
2010,suicide,50-54,"2,133",9.57,9.57,27728,124.35,
2010,suicide,55-59,"1,897",9.65,9.65,15333,77.97,
2010,suicide,60-64,"1,490",8.86,8.86,4644,27.61,
2010,suicide,65-69,"1,121",9.01,9.01,0,0,
2010,suicide,70-74,932,10.05,10.05,0,0,
2010,suicide,75-79,838,11.45,11.45,0,0,
2010,suicide,80-84,706,12.29,12.29,0,0,
2010,suicide,85+,679,12.36,12.36,0,0,
2010,homicide,00-04,54,0.27,0,3408,16.87,
2010,homicide,05-09,58,0,0,"3,364",17,
2010,homicide,10-14,108,0.52,0.52,5616,27.16,
2010,homicide,15-19,"1,570",7.12,7.12,74299,337.09,
2010,homicide,20-24,"2,387",11.06,11.06,102916,476.74,
2010,homicide,25-29,"1,955",9.26,9.26,74342,352.28,
2010,homicide,30-34,"1,462",7.32,7,48604,243.47,
2010,homicide,35-39,984,4.88,5,27538,136.46,
2010,homicide,40-44,775,4,4,"17,900",86,
2010,homicide,45-49,658,2.9,2.9,11845,52.16,
2010,homicide,50-54,497,2.23,2.23,6590,29.55,
2010,homicide,55-59,351,1.79,1.79,2844,14.46,
2010,homicide,60-64,218,1.3,1.3,694,4.13,
2010,homicide,65-69,116,0.93,1,0,0,
2010,homicide,70-74,99,1.07,1,0,0,
2010,homicide,75-79,50,0.68,0.68,0,0,
2010,homicide,80-84,41,1,1,0,0,
2010,homicide,85+,34,0.62,0.62,0,0,
2009,suicide,00-04,0,0,0,0,0,
2009,suicide,05-09,0,0,0,0,0,
2009,suicide,10-14,64,0.31,0.31,3298,15.96,
2009,suicide,15-19,736,3.32,3.32,34982,157.63,
2009,suicide,20-24,"1,266",5.92,5.92,54317,254.01,
2009,suicide,25-29,"1,257",5.96,5.96,47786,226.71,
2009,suicide,30-34,"1,122",5.71,5.71,36942,188.05,
2009,suicide,35-39,"1,351",6.59,6.59,37703,183.85,
2009,suicide,40-44,"1,523",7.26,7.26,34810,165.92,
2009,suicide,45-49,"1,883",8.24,8.24,33824,147.95,
2009,suicide,50-54,"2,092",9.51,9.51,27212,123.66,
2009,suicide,55-59,"1,814",9.41,9.41,14583,75.64,
2009,suicide,60-64,"1,377",8.54,8.54,4346,26.95,
2009,suicide,65-69,"1,125",9.3,9.3,0,0,
2009,suicide,70-74,910,9.96,9.96,0,0,
2009,suicide,75-79,844,11.57,11.57,0,0,
2009,suicide,80-84,747,13.04,13.04,0,0,
2009,suicide,85+,622,11.59,11.59,0,0,
2009,homicide,00-04,67,0.33,0.33,4218,20.84,
2009,homicide,05-09,53,0.26,0.26,3063,15.18,
2009,homicide,10-14,115,0.56,0.56,5998,29.03,
2009,homicide,15-19,1638,7.38,7.38,77570,349.53,
2009,homicide,20-24,2482,11.61,11.61,106912,499.96,
2009,homicide,25-29,1950,9.25,9.25,74138,351.73,
2009,homicide,30-34,1449,7.38,7.38,48073,244.71,
2009,homicide,35-39,1109,5.41,5.41,31228,152.27,
2009,homicide,40-44,824,3.93,3.93,19049,90.8,
2009,homicide,45-49,699,3.06,3.06,12650,55.33,
2009,homicide,50-54,506,2.3,2.3,6662,30.28,
2009,homicide,55-59,347,1.8,1.8,2867,14.87,
2009,homicide,60-64,207,1.28,1.28,669,4.15,
2009,homicide,65-69,138,1.14,1.14,0,0,
2009,homicide,70-74,88,0.96,0.96,0,0,
2009,homicide,75-79,65,0.89,0.89,0,0,
2009,homicide,80-84,50,0.87,0.87,0,0,
2009,homicide,85+,33,0.62,0.62,0,0,
2008,suicide,00-04,0,0,0,0,0,
2008,suicide,05-09,0,0,0,0,0,
2008,suicide,10-14,50,0.24,0.24,2585,12.48,
2008,suicide,15-19,698,3.14,3.14,33139,149.2,
2008,suicide,20-24,"1,311",6.19,6.19,56214,265.4,
2008,suicide,25-29,"1,236",5.91,5.91,47054,225.11,
2008,suicide,30-34,"1,121",5.81,5.81,36986,191.59,
2008,suicide,35-39,"1,314",6.31,6.31,36762,176.59,
2008,suicide,40-44,"1,482",6.93,6.93,33918,158.68,
2008,suicide,45-49,"1,884",8.26,8.26,33841,148.29,
2008,suicide,50-54,"1,905",8.8,8.8,24877,114.96,
2008,suicide,55-59,"1,669",8.87,8.87,13492,71.71,
2008,suicide,60-64,"1,410",9.19,9.19,4349,28.35,
2008,suicide,65-69,"1,027",8.86,8.86,0,0,
2008,suicide,70-74,906,10.17,10.17,0,0,
2008,suicide,75-79,839,11.42,11.42,0,0,
2008,suicide,80-84,768,13.4,13.4,0,0,
2008,suicide,85+,603,11.61,11.61,0,0,
2008,homicide,00-04,65,0.32,0.32,4095,20.2,
2008,homicide,05-09,44,0.22,0.22,2544,12.77,
2008,homicide,10-14,143,0.69,0.69,7467,36.06,
2008,homicide,15-19,1804,8.12,8.12,85519,385.03,
2008,homicide,20-24,2670,12.61,12.61,115032,543.1,
2008,homicide,25-29,2162,10.34,10.34,82350,393.97,
2008,homicide,30-34,1541,7.98,7.98,51073,264.56,
2008,homicide,35-39,1173,5.64,5.64,33007,158.55,
2008,homicide,40-44,869,4.07,4.07,19982,93.48,
2008,homicide,45-49,724,3.17,3.17,13106,57.43,
2008,homicide,50-54,475,2.2,2.2,6259,28.92,
2008,homicide,55-59,307,1.63,1.63,2530,13.45,
2008,homicide,60-64,199,1.3,1.3,628,4.09,
2008,homicide,65-69,118,1.02,1.02,0,0,
2008,homicide,70-74,85,0.95,0.95,0,0,
2008,homicide,75-79,55,0.75,0.75,0,0,
2008,homicide,80-84,34,0.59,0.59,0,0,
2008,homicide,85+,35,0.67,0.67,0,0,
2007,suicide,00-04,0,0,0,0,0,
2007,suicide,05-09,0,0,0,0,0,
2007,suicide,10-14,53,0,0.25,2740,13.15,
2007,suicide,15-19,630,3,2.86,29894,135.46,
2007,suicide,20-24,"1,270",6,6.03,54512,258.62,
2007,suicide,25-29,"1,151",5.6,5.6,43831,213.36,
2007,suicide,30-34,"1,155",6.03,6.03,38065,198.56,
2007,suicide,35-39,"1,276",6.09,6.09,35744,170.5,
2007,suicide,40-44,"1,603",7.34,7.34,36627,167.77,
2007,suicide,45-49,"1,763",7.73,7.73,31731,139.17,
2007,suicide,50-54,"1,768",8.36,8.36,22965,108.63,
2007,suicide,55-59,"1,550",8.4,8.4,12496,67.71,
2007,suicide,60-64,"1,236",8.42,8.42,3893,26.53,
2007,suicide,65-69,941,8.58,8.58,0,0,
2007,suicide,70-74,759,8.7,8.7,0,0,
2007,suicide,75-79,919,12.42,12.42,0,0,
2007,suicide,80-84,670,11.78,11.78,0,0,
2007,suicide,85+,606,12.03,12.03,0,0,
2007,homicide,00-04,63,0.31,0.31,3965,19.7,
2007,homicide,05-09,47,0.24,0.24,2728,13.84,
2007,homicide,10-14,155,0.74,0.74,8068,38.71,
2007,homicide,15-19,1921,8.71,8.71,91017,412.44,
2007,homicide,20-24,2844,13.49,13.49,122312,580.28,
2007,homicide,25-29,2246,10.93,10.93,85651,416.94,
2007,homicide,30-34,1612,8.41,8.41,53457,278.85,
2007,homicide,35-39,1162,5.54,5.54,32705,156.01,
2007,homicide,40-44,952,4.36,4.36,21884,100.24,
2007,homicide,45-49,730,3.2,3.2,13206,57.92,
2007,homicide,50-54,478,2.26,2.26,6275,29.68,
2007,homicide,55-59,288,1.56,1.56,2362,12.8,
2007,homicide,60-64,172,1.17,1.17,569,3.88,
2007,homicide,65-69,113,1.03,1.03,0,0,
2007,homicide,70-74,77,0.88,0.88,0,0,
2007,homicide,75-79,51,0.69,0.69,0,0,
2007,homicide,80-84,39,0.69,0.69,0,0,
2007,homicide,85+,24,0.48,0.48,0,0,
2006,suicide,00-04,0,0,0,0,0,
2006,suicide,05-09,0,0,0,0,0,
2006,suicide,10-14,62,0.3,0.3,3208,15.25,
2006,suicide,15-19,701,3.21,3.21,33276,152.59,
2006,suicide,20-24,"1,277",6.07,6.07,54879,260.88,
2006,suicide,25-29,"1,121",5.57,5.57,42704,212.35,
2006,suicide,30-34,"1,029",5.34,5.34,33899,175.78,
2006,suicide,35-39,"1,310",6.26,6.26,36608,174.81,
2006,suicide,40-44,"1,511",6.78,6.78,34599,155.13,
2006,suicide,45-49,"1,783",7.85,7.85,32093,141.28,
2006,suicide,50-54,"1,698",8.25,8.25,22178,107.81,
2006,suicide,55-59,"1,480",8.05,8.05,11874,64.54,
2006,suicide,60-64,"1,082",8,8,3340,24.68,
2006,suicide,65-69,886,8.4,8.4,0,0,
2006,suicide,70-74,803,9.28,9.28,0,0,
2006,suicide,75-79,870,11.68,11.68,0,0,
2006,suicide,80-84,692,12.25,12.25,0,0,
2006,suicide,85+,577,11.86,11.86,0,0,
2006,homicide,00-04,48,0.24,0.24,3014,15.12,
2006,homicide,05-09,62,0.32,0.32,3601,18.42,
2006,homicide,10-14,176,0.84,0.84,9150,43.5,
2006,homicide,15-19,"1,973",9.05,9.05,93478,428.65,
2006,homicide,20-24,"2,935",13.95,13.95,126266,600.23,
2006,homicide,25-29,"2,299",11.43,11.43,87647,435.84,
2006,homicide,30-34,"1,582",8.2,8.2,52351,271.46,
2006,homicide,35-39,"1,143",5.46,5.46,32152,153.53,
2006,homicide,40-44,935,4.19,4.19,21566,96.7,
2006,homicide,45-49,733,3.23,3.23,13387,58.93,
2006,homicide,50-54,508,2.47,2.47,6676,32.45,
2006,homicide,55-59,290,1.58,1.58,2386,12.97,
2006,homicide,60-64,190,1,1.4,572,4.23,
2006,homicide,65-69,92,1,0.87,0,0,
2006,homicide,70-74,70,1,1,0,0,
2006,homicide,75-79,48,0.65,0.65,0,0,
2006,homicide,80-84,36,0.64,0.64,0,0,
2006,homicide,85+,23,0.47,0.47,0,0,
2005,suicide,00-04,0,0,0,0,0,
2005,suicide,05-09,0,0,0,0,0,
2005,suicide,10-14,84,0.4,0,4341,20.46,
2005,suicide,15-19,738,3.44,3,35068,163.21,
2005,suicide,20-24,"1,224",5.84,6,52618,251.04,
2005,suicide,25-29,"1,125",5.76,5.76,42903,219.62,
2005,suicide,30-34,"1,144",5.8,5.8,37627,190.77,
2005,suicide,35-39,"1,246",5.99,5.99,34825,167.44,
2005,suicide,40-44,"1,609",7.09,7.09,36799,162.06,
2005,suicide,45-49,"1,804",8.05,8.05,32530,145.11,
2005,suicide,50-54,"1,668",8.31,8.31,21697,108.06,
2005,suicide,55-59,"1,398",7.99,7.99,11287,64.49,
2005,suicide,60-64,"1,072",8.16,8.16,3284,25,
2005,suicide,65-69,827,8.05,8.05,0,0,
2005,suicide,70-74,842,9.79,9.79,0,0,
2005,suicide,75-79,884,11.84,11.84,0,0,
2005,suicide,80-84,765,13.63,13.63,0,0,
2005,suicide,85+,571,12.17,12.17,0,0,
2005,homicide,00-04,43,0.22,0.22,2696,13.54,
2005,homicide,05-09,44,0.23,0.23,2554,13.17,
2005,homicide,10-14,143,0.67,0.67,7445,35.1,
2005,homicide,15-19,"1,763",8.21,8.21,83494,388.59,
2005,homicide,20-24,"2,816",13.44,13.44,121053,577.54,
2005,homicide,25-29,"2,245",11.49,11.49,85755,438.99,
2005,homicide,30-34,"1,623",8,8.23,53752,272.52,
2005,homicide,35-39,"1,123",5,5.4,31519,151.54,
2005,homicide,40-44,981,4,4,"22,632",100,
2005,homicide,45-49,702,3.13,3.13,12787,57.04,
2005,homicide,50-54,434,2.16,2.16,5757,28.67,
2005,homicide,55-59,252,1.44,1.44,2091,11.95,
2005,homicide,60-64,175,1.33,1.33,549,4.18,
2005,homicide,65-69,113,1.1,1,0,0,
2005,homicide,70-74,93,1.08,1,0,0,
2005,homicide,75-79,65,1,1,0,0,
2005,homicide,80-84,34,0.61,0.61,0,0,
2005,homicide,85+,24,0.51,0.51,0,0,
2004,suicide,00-04,0,0,0,0,0,
2004,suicide,05-09,0,0,0,0,0,
2004,suicide,10-14,59,0.28,0.28,3041,14.2,
2004,suicide,15-19,787,3.73,3.73,37307,176.79,
2004,suicide,20-24,"1,317",6.32,6.32,56539,271.23,
2004,suicide,25-29,"1,115",5.84,5.84,42410,221.96,
2004,suicide,30-34,"1,168",5.79,5.79,38420,190.58,
2004,suicide,35-39,"1,233",5.91,5.91,34367,164.64,
2004,suicide,40-44,"1,635",7.13,7.13,37509,163.61,
2004,suicide,45-49,"1,784",8.09,8.09,32101,145.48,
2004,suicide,50-54,"1,565",8,8,20463,104.59,
2004,suicide,55-59,"1,283",7.73,7.73,10383,62.52,
2004,suicide,60-64,"1,045",8.23,8.23,3289,25.9,
2004,suicide,65-69,794,7.88,7.88,0,0,
2004,suicide,70-74,837,9.74,9.74,0,0,
2004,suicide,75-79,903,12.1,12.1,0,0,
2004,suicide,80-84,685,12.39,12.39,0,0,
2004,suicide,85+,537,11.81,11.81,0,0,
2004,homicide,00-04,42,0.21,0.21,2634,13.31,
2004,homicide,05-09,45,0.23,0.23,2603,13.38,
2004,homicide,10-14,139,0.65,0.65,7220,33.72,
2004,homicide,15-19,"1,605",7.61,7.61,76014,360.21,
2004,homicide,20-24,"2,601",12.48,12,111833,536.48,
2004,homicide,25-29,"2,109",11.04,11,80580,421.73,
2004,homicide,30-34,"1,484",7,7,"49,086",243,
2004,homicide,35-39,"1,071",5.13,5.13,30138,144.38,
2004,homicide,40-44,906,3.95,3.95,20919,91.25,
2004,homicide,45-49,662,3,3,12073,54.71,
2004,homicide,50-54,442,2.26,2.26,5849,29.9,
2004,homicide,55-59,284,1.71,2,2345,14.12,
2004,homicide,60-64,192,1.51,2,610,4.8,
2004,homicide,65-69,125,1,1,0,0,
2004,homicide,70-74,73,0.85,0.85,0,0,
2004,homicide,75-79,65,0.87,0.87,0,0,
2004,homicide,80-84,40,0.72,0.72,0,0,
2004,homicide,85+,29,0.64,0.64,0,0,
2003,suicide,00-04,0,0,0,0,0,
2003,suicide,05-09,0,0,0,0,0,
2003,suicide,10-14,73,0.34,0.34,3773,17.62,
2003,suicide,15-19,736,3.54,3.54,34890,167.76,
2003,suicide,20-24,"1,339",6.5,6.5,57578,279.62,
2003,suicide,25-29,"1,114",5.94,5.94,42342,225.56,
2003,suicide,30-34,"1,267",6.19,6.19,41782,204.09,
2003,suicide,35-39,"1,280",6.02,6.02,35643,167.62,
2003,suicide,40-44,"1,647",7.2,7.2,37780,165.05,
2003,suicide,45-49,"1,705",7.85,7.85,30746,141.54,
2003,suicide,50-54,"1,574",8.24,8.24,20549,107.6,
2003,suicide,55-59,"1,329",8.4,8.4,10699,67.65,
2003,suicide,60-64,988,8.1,8.1,3134,25.7,
2003,suicide,65-69,833,8.47,8.47,0,0,
2003,suicide,70-74,867,10,10,0,0,
2003,suicide,75-79,886,11.82,11.82,0,0,
2003,suicide,80-84,709,13.13,13.13,0,0,
2003,suicide,85+,559,12.52,12.52,0,0,
2003,homicide,00-04,48,0,0,"3,014",15,
2003,homicide,05-09,48,0.25,0.25,2784,14.19,
2003,homicide,10-14,141,0.66,0.66,7356,34.35,
2003,homicide,15-19,"1,607",7.73,7.73,75956,365.22,
2003,homicide,20-24,"2,895",14.06,14.06,124449,604.36,
2003,homicide,25-29,"2,127",11.33,11,81211,432.63,
2003,homicide,30-34,"1,522",7.43,7,50474,246.55,
2003,homicide,35-39,"1,118",5,5,"31,356",147,
2003,homicide,40-44,912,3.98,3.98,21108,92.21,
2003,homicide,45-49,703,3.24,3.24,12850,59.15,
2003,homicide,50-54,445,2.33,2.33,5884,30.81,
2003,homicide,55-59,258,1.63,1.63,2096,13.25,
2003,homicide,60-64,147,1.21,1,491,4.03,
2003,homicide,65-69,85,0.87,0.87,0,0,
2003,homicide,70-74,80,0.92,0.92,0,0,
2003,homicide,75-79,57,0.76,0.76,0,0,
2003,homicide,80-84,33,0.61,0.61,0,0,
2003,homicide,85+,23,0.52,0.52,0,0,
2002,suicide,00-04,0,0,0,0,0,
2002,suicide,05-09,0,0,0,0,0,
2002,suicide,10-14,86,0.4,0.4,4459,20.97,
2002,suicide,15-19,742,3.6,3.6,35246,171.01,
2002,suicide,20-24,"1,346",6.65,6.65,57812,285.58,
2002,suicide,25-29,"1,217",6.51,6.51,46178,247.06,
2002,suicide,30-34,"1,182",5.72,5.72,39081,189.18,
2002,suicide,35-39,"1,450",6.67,6.67,40336,185.44,
2002,suicide,40-44,"1,707",7.46,7.46,39255,171.5,
2002,suicide,45-49,"1,652",7.77,7.77,29778,140.12,
2002,suicide,50-54,"1,484",7.92,7.92,19317,103.08,
2002,suicide,55-59,"1,295",8.55,8.55,10453,69.03,
2002,suicide,60-64,939,8.12,8.12,2922,25.28,
2002,suicide,65-69,846,8.78,8.78,0,0,
2002,suicide,70-74,930,10.63,10.63,0,0,
2002,suicide,75-79,918,12.29,12.29,0,0,
2002,suicide,80-84,762,14.39,14.39,0,0,
2002,suicide,85+,550,12.59,12.59,0,0,
2002,homicide,00-04,58,0.3,0,3642,18.75,
2002,homicide,05-09,55,0,0,"3,157",16,
2002,homicide,10-14,153,0.72,0.72,8015,37.7,
2002,homicide,15-19,"1,590",7.72,7.72,75236,365.04,
2002,homicide,20-24,"2,813",13.9,13.9,121119,598.3,
2002,homicide,25-29,"2,061",11.03,11.03,78592,420.47,
2002,homicide,30-34,"1,491",7.22,7,49344,238.86,
2002,homicide,35-39,"1,179",5.42,5.42,33145,152.38,
2002,homicide,40-44,937,4.09,4.09,21640,94.54,
2002,homicide,45-49,635,2.99,2.99,11485,54.04,
2002,homicide,50-54,426,2.27,2.27,5611,29.94,
2002,homicide,55-59,268,1.77,1.77,2232,14.74,
2002,homicide,60-64,149,1.29,1.29,459,3.97,
2002,homicide,65-69,95,0.99,0.99,0,0,
2002,homicide,70-74,71,0.81,0.81,0,0,
2002,homicide,75-79,72,0.96,0.96,0,0,
2002,homicide,80-84,44,0.83,0.83,0,0,
2002,homicide,85+,19,0.44,0.44,0,0,
2001,suicide,00-04,0,0,0,0,0,
2001,suicide,05-09,0,0,0,0,0,
2001,suicide,10-14,90,0.43,0.43,4647,22.15,
2001,suicide,15-19,838,4.1,4.1,39732,194.23,
2001,suicide,20-24,"1,292",6.54,6.54,55613,281.48,
2001,suicide,25-29,"1,263",6.71,6.71,47966,254.88,
2001,suicide,30-34,"1,301",6.3,6.3,42987,208.15,
2001,suicide,35-39,"1,429",6.43,6.43,39878,179.34,
2001,suicide,40-44,"1,601",7.02,7.02,36856,161.54,
2001,suicide,45-49,"1,552",7.5,7.5,27900,134.79,
2001,suicide,50-54,"1,471",7.87,7.87,19134,102.39,
2001,suicide,55-59,"1,195",8.56,8.56,9605,68.76,
2001,suicide,60-64,888,7.97,7.97,2791,25.06,
2001,suicide,65-69,857,8.96,8.96,0,0,
2001,suicide,70-74,901,10.21,10.21,0,0,
2001,suicide,75-79,920,12.34,12.34,0,0,
2001,suicide,80-84,728,14.17,14.17,0,0,
2001,suicide,85+,537,12.45,12.45,0,0,
2001,homicide,00-04,66,0.34,0.34,4145,21.48,
2001,homicide,05-09,59,0.29,0.29,3420,16.95,
2001,homicide,10-14,121,0.58,0.58,6314,30.1,
2001,homicide,15-19,"1,551",7.58,7.58,73400,358.81,
2001,homicide,20-24,"2,736",13.85,13.85,117872,596.6,
2001,homicide,25-29,"1,984",10.54,10.54,75593,401.68,
2001,homicide,30-34,"1,419",6.87,6.87,46965,227.41,
2001,homicide,35-39,"1,191",5.36,5.36,33346,149.96,
2001,homicide,40-44,871,3.82,3.82,20190,88.49,
2001,homicide,45-49,574,2.77,2.77,10437,50.42,
2001,homicide,50-54,391,2.09,2.09,5107,27.33,
2001,homicide,55-59,223,1.6,1.6,1823,13.05,
2001,homicide,60-64,157,1.41,1.41,501,4.5,
2001,homicide,65-69,117,1.22,1.22,0,0,
2001,homicide,70-74,80,0.91,0.91,0,0,
2001,homicide,75-79,64,0.86,0.86,0,0,
2001,homicide,80-84,39,0.76,0.76,0,0,
2001,homicide,85+,17,0.39,0.39,0,0,
